Team,Mean of MP,Median of MP,Std of MP,Mean of Starts,Median of Starts,Std of Starts,Mean of Min,Median of Min,Std of Min,Mean of Gls_st,Median of Gls_st,Std of Gls_st,Mean of Ast_st,Median of Ast_st,Std of Ast_st,Mean of CrdY_st,Median of CrdY_st,Std of CrdY_st,Mean of CrdR_st,Median of CrdR_st,Std of CrdR_st,Mean of xG_st,Median of xG_st,Std of xG_st,Mean of xAG_st,Median of xAG_st,Std of xAG_st,Mean of PrgC_st,Median of PrgC_st,Std of PrgC_st,Mean of PrgP_st,Median of PrgP_st,Std of PrgP_st,Mean of PrgR_st,Median of PrgR_st,Std of PrgR_st,Mean of Gls_st_per90,Median of Gls_st_per90,Std of Gls_st_per90,Mean of Ast_st_per90,Median of Ast_st_per90,Std of Ast_st_per90,Mean of xG_st_per90,Median of xG_st_per90,Std of xG_st_per90,Mean of xAG_st_per90,Median of xAG_st_per90,Std of xAG_st_per90,Mean of GA90_gk,Median of GA90_gk,Std of GA90_gk,Mean of Save%_gk,Median of Save%_gk,Std of Save%_gk,Mean of CS%_gk,Median of CS%_gk,Std of CS%_gk,Mean of Save%_gk_pen,Median of Save%_gk_pen,Std of Save%_gk_pen,Mean of SoT%_sh,Median of SoT%_sh,Std of SoT%_sh,Mean of SoT/90_sh,Median of SoT/90_sh,Std of SoT/90_sh,Mean of G/Sh_sh,Median of G/Sh_sh,Std of G/Sh_sh,Mean of Dist_sh,Median of Dist_sh,Std of Dist_sh,Mean of Cmp_pas,Median of Cmp_pas,Std of Cmp_pas,Mean of Cmp%_pas,Median of Cmp%_pas,Std of Cmp%_pas,Mean of Cmp%_pas_S,Median of Cmp%_pas_S,Std of Cmp%_pas_S,Mean of Cmp%_pas_M,Median of Cmp%_pas_M,Std of Cmp%_pas_M,Mean of Cmp%_pas_L,Median of Cmp%_pas_L,Std of Cmp%_pas_L,Mean of KP_pas,Median of KP_pas,Std of KP_pas,Mean of 1/3_pas,Median of 1/3_pas,Std of 1/3_pas,Mean of PPA_pas,Median of PPA_pas,Std of PPA_pas,Mean of CrsPA_pas,Median of CrsPA_pas,Std of CrsPA_pas,Mean of PrgP_pas,Median of PrgP_pas,Std of PrgP_pas,Mean of SCA_gsc,Median of SCA_gsc,Std of SCA_gsc,Mean of SCA90_gsc,Median of SCA90_gsc,Std of SCA90_gsc,Mean of GCA_gsc,Median of GCA_gsc,Std of GCA_gsc,Mean of GCA90_gsc,Median of GCA90_gsc,Std of GCA90_gsc,Mean of Tkl_def,Median of Tkl_def,Std of Tkl_def,Mean of TklW_def,Median of TklW_def,Std of TklW_def,Mean of Att_def,Median of Att_def,Std of Att_def,Mean of Lost_def,Median of Lost_def,Std of Lost_def,Mean of Blocks_def,Median of Blocks_def,Std of Blocks_def,Mean of Sh_def,Median of Sh_def,Std of Sh_def,Mean of Pass_def,Median of Pass_def,Std of Pass_def,Mean of Int_def,Median of Int_def,Std of Int_def,Mean of Touches_pos,Median of Touches_pos,Std of Touches_pos,Mean of Def Pen_pos,Median of Def Pen_pos,Std of Def Pen_pos,Mean of Def 3rd_pos,Median of Def 3rd_pos,Std of Def 3rd_pos,Mean of Mid 3rd_pos,Median of Mid 3rd_pos,Std of Mid 3rd_pos,Mean of Att 3rd_pos,Median of Att 3rd_pos,Std of Att 3rd_pos,Mean of Att Pen,Median of Att Pen,Std of Att Pen,Mean of Att_pos,Median of Att_pos,Std of Att_pos,Mean of Succ%_pos,Median of Succ%_pos,Std of Succ%_pos,Mean of Tkld%_pos,Median of Tkld%_pos,Std of Tkld%_pos,Mean of Carries_pos,Median of Carries_pos,Std of Carries_pos,Mean of PrgDist_pos,Median of PrgDist_pos,Std of PrgDist_pos,Mean of PrgC_pos,Median of PrgC_pos,Std of PrgC_pos,Mean of 1/3_pos,Median of 1/3_pos,Std of 1/3_pos,Mean of CPA_pos,Median of CPA_pos,Std of CPA_pos,Mean of Mis_pos,Median of Mis_pos,Std of Mis_pos,Mean of Dis_pos,Median of Dis_pos,Std of Dis_pos,Mean of Rec_pos,Median of Rec_pos,Std of Rec_pos,Mean of PrgR_pos,Median of PrgR_pos,Std of PrgR_pos,Mean of Fls_mis,Median of Fls_mis,Std of Fls_mis,Mean of Fld_mis,Median of Fld_mis,Std of Fld_mis,Mean of Off_mis,Median of Off_mis,Std of Off_mis,Mean of Crs_mis,Median of Crs_mis,Std of Crs_mis,Mean of Recov_mis,Median of Recov_mis,Std of Recov_mis,Mean of Won_mis,Median of Won_mis,Std of Won_mis,Mean of Lost_mis,Median of Lost_mis,Std of Lost_mis,Mean of Won%_mis,Median of Won%_mis,Std of Won%_mis
Arsenal,22.59090909090909,22.5,7.926201822100881,17.0,16.0,10.155927192672127,1519.4545454545455,1427.5,881.6773369021836,2.772727272727273,2.0,2.8103858095052354,2.272727272727273,1.5,2.6758499883538236,2.909090909090909,2.5,1.9738550848793073,0.22727272727272727,0.0,0.5284134548067254,2.4999999999999996,1.65,2.587515815456612,1.886363636363636,0.9,2.128557628009535,34.31818181818182,23.0,31.38301992151073,75.18181818181819,55.5,60.81559665527254,74.18181818181819,51.0,75.04134502528233,0.165,0.1,0.16695451333764394,0.13863636363636364,0.11,0.1549284152530253,0.15227272727272723,0.095,0.14182255238020633,0.12090909090909087,0.095,0.11939965266397157,0.038636363636363635,0.0,0.18122060890226885,3.4318181818181817,0.0,16.09665408484858,1.6045454545454545,0.0,7.525985287353048,0.0,0.0,0.0,26.62272727272727,31.049999999999997,17.33883425032298,0.41090909090909095,0.225,0.4100512057560511,0.13045454545454546,0.13,0.13051098376426745,14.004545454545456,14.65,5.794946671575756,700.4090909090909,459.5,551.782622751535,82.34545454545456,82.8,6.296614908612351,90.87272727272727,91.94999999999999,4.7591697773558135,84.87272727272726,86.0,8.048731448003338,55.54545454545457,53.15,9.681830172949509,17.136363636363637,10.0,17.313070907335423,56.95454545454545,39.5,52.282635989150606,17.863636363636363,9.0,17.81731489188845,3.0,1.5,3.625307868699863,75.18181818181819,55.5,60.81559665527254,38.81818181818182,24.0,33.092419450808144,2.458636363636364,2.245,1.4281332986156157,4.909090909090909,3.0,5.485123525188843,0.29636363636363644,0.25,0.3097394520214178,24.09090909090909,19.0,20.3280455831208,14.272727272727273,12.0,12.329530243172934,20.772727272727273,20.0,14.16545704028547,10.318181818181818,10.5,7.167295854792787,13.181818181818182,10.0,10.83924247764471,4.318181818181818,1.5,6.79205673062546,8.863636363636363,7.5,7.272226714375822,9.272727272727273,6.0,8.647497949072944,983.7727272727273,738.5,662.5281975539702,73.5909090909091,24.0,163.87238330071972,246.1818181818182,120.5,327.21445368641446,427.95454545454544,291.0,385.05231274436403,316.90909090909093,223.5,232.44843956515834,52.5,37.0,48.60114637095948,29.727272727272727,22.5,28.687448422083428,48.87727272727273,43.45,22.218287873220923,36.91818181818182,35.05,17.634156152293286,578.1818181818181,406.5,402.19003283376196,1631.9545454545455,1282.5,1113.2316097214975,34.31818181818182,23.0,31.38301992151073,21.363636363636363,19.0,17.956416692450095,11.772727272727273,4.5,14.582872596308766,19.318181818181817,15.0,15.28580531590809,15.681818181818182,13.5,13.357310691817757,693.6818181818181,528.5,483.47328545527495,74.18181818181819,51.0,75.04134502528233,16.636363636363637,14.0,11.0606357112809,16.318181818181817,17.0,11.712371821268896,3.409090909090909,1.5,3.724552909047524,31.818181818181817,11.0,42.05057766845876,58.04545454545455,48.0,40.02793937658958,19.5,10.5,19.81521781719437,18.954545454545453,15.5,17.761588498048987,48.0,51.15,19.478021802363127
Aston Villa,18.857142857142858,20.0,9.965549122460303,13.357142857142858,9.5,11.324226032630012,1200.0,969.0,913.1171682555108,1.8571428571428572,1.0,3.285369202030541,1.4642857142857142,0.0,2.364586611073877,2.4285714285714284,2.0,2.2513958045583786,0.07142857142857142,0.0,0.262265264156481,1.9142857142857144,0.8,2.936073755975674,1.4035714285714287,0.45,1.9488804274852063,23.071428571428573,16.0,22.744846500428235,42.75,33.5,46.34382375246997,42.32142857142857,20.0,50.75945711660524,0.17571428571428574,0.04,0.2921748407480315,0.08607142857142859,0.0,0.1158651606382844,0.19285714285714287,0.08499999999999999,0.2471145654663206,0.09178571428571429,0.06,0.1041029964142909,0.12178571428571429,0.0,0.45431310439541234,4.339285714285714,0.0,15.994150303012159,4.114285714285715,0.0,19.009816456060843,1.7857142857142858,0.0,9.449111825230679,26.25,25.0,22.82273882353753,0.4692857142857143,0.2,0.6725238730248614,0.06749999999999999,0.04,0.08249017898895376,15.110714285714284,16.15,6.815632319553624,476.64285714285717,396.0,413.24104832550705,81.22142857142856,82.1,7.16247200978861,90.03214285714284,91.5,5.555314677317673,86.47142857142858,86.2,7.5585544935355236,54.12499999999999,53.4,15.290898406374758,11.75,6.0,14.54399456056615,36.714285714285715,22.0,45.311969756065594,10.25,7.5,12.37567805849067,1.8214285714285714,0.0,3.672254040157044,42.75,33.5,46.34382375246997,27.928571428571427,20.0,28.94557929713207,2.1167857142857143,1.7799999999999998,1.411959640519171,3.357142857142857,2.0,3.7536578280321566,0.23571428571428574,0.18,0.21726291584891932,20.964285714285715,10.5,20.08404958216962,12.107142857142858,6.0,12.236373481503248,17.678571428571427,10.5,18.437187805625186,7.714285714285714,5.0,8.059303999253345,10.642857142857142,9.5,8.895334964293594,3.5,2.5,4.132078662619345,7.142857142857143,5.5,6.222505662478478,7.964285714285714,5.0,8.284220354282402,701.0714285714286,647.0,555.681758681367,84.57142857142857,29.5,186.6919484013266,236.21428571428572,132.0,290.88452044205485,299.0357142857143,237.5,290.7653352081884,172.75,113.5,165.81306408791264,30.964285714285715,19.0,37.19765239790468,23.428571428571427,17.0,28.676262698058167,48.86785714285713,47.15,26.410001662830087,37.4,40.6,23.72499853647109,396.42857142857144,383.5,308.0354030364197,1149.857142857143,1052.0,912.8708364391778,23.071428571428573,16.0,22.744846500428235,14.535714285714286,12.5,12.819204756224568,7.0,2.0,10.413666234542205,16.392857142857142,8.5,21.283516984701926,12.321428571428571,7.5,15.035891803549344,467.92857142857144,472.0,374.37957848027554,42.32142857142857,20.0,50.75945711660524,13.321428571428571,8.5,13.419316015656026,15.821428571428571,8.5,17.05123775550353,1.7857142857142858,1.0,2.7265110368128784,19.5,4.5,33.70624736026114,45.214285714285715,37.5,35.42060202225602,12.035714285714286,8.0,11.714132467703251,13.464285714285714,9.5,13.593250348112294,38.88214285714286,45.2,24.724737253915002
Bournemouth,21.0,24.0,9.496410805236797,15.73913043478261,16.0,11.013286980669172,1409.6521739130435,1530.0,946.7328320788122,2.217391304347826,1.0,3.4106320627112034,1.608695652173913,1.0,2.0167284586402126,3.608695652173913,3.0,2.965546560612741,0.043478260869565216,0.0,0.2085144140570748,2.617391304347826,1.0,3.470217726194378,1.7565217391304346,1.1,1.8300089634545815,28.47826086956522,19.0,33.227685013906694,56.82608695652174,41.0,50.939047510380696,56.0,31.0,69.68891916614473,0.13565217391304346,0.03,0.18322430582501678,0.10173913043478262,0.04,0.11953136423371534,0.18478260869565216,0.08,0.20471420355788683,0.13043478260869562,0.1,0.14898072666286752,0.14217391304347826,0.0,0.3782730678147627,10.417391304347825,0.0,27.540179773855588,2.0391304347826087,0.0,6.835651138129668,0.0,0.0,0.0,21.817391304347826,28.6,18.096249038102115,0.5543478260869564,0.16,0.6596543591289203,0.05043478260869566,0.06,0.05355356374437952,13.708695652173914,14.8,6.8200848464115875,478.7391304347826,415.0,387.9912390518988,73.92608695652174,74.1,6.721486401581149,86.81739130434782,88.0,7.304584623490862,81.45652173913045,78.8,10.777452308447927,47.126086956521746,47.0,18.176938870980656,17.130434782608695,11.0,16.147908245697412,46.78260869565217,35.0,46.55295764624036,12.73913043478261,6.0,13.525119361948002,3.782608695652174,2.0,5.213239454758262,56.82608695652174,41.0,50.939047510380696,39.52173913043478,28.0,35.50143347325748,2.62,2.35,1.8788971620220585,3.782608695652174,2.0,4.010854836782195,0.23043478260869568,0.22,0.20857695900095716,27.08695652173913,21.0,22.797354398897536,15.73913043478261,10.0,14.203768358190109,24.26086956521739,23.0,20.684243874602515,12.73913043478261,12.0,10.309824931519307,17.347826086956523,14.0,15.581482878585472,5.043478260869565,2.0,6.643371685505684,12.304347826086957,8.0,11.810760819957581,13.521739130434783,8.0,15.069142357261054,809.2173913043479,778.0,595.094641558019,84.26086956521739,41.0,140.8623497639723,242.7826086956522,148.0,263.0634138070029,346.17391304347825,285.0,307.4479486136139,230.34782608695653,118.0,229.3121351694419,38.56521739130435,19.0,47.16010070827064,25.91304347826087,16.0,31.023324133886838,37.517391304347825,40.0,23.251698905161415,37.39565217391304,43.2,23.113366425293425,435.4347826086956,454.0,325.20382784381366,1363.3478260869565,1059.0,1229.2970500062831,28.47826086956522,19.0,33.227685013906694,19.73913043478261,15.0,19.21461894047519,8.91304347826087,1.0,15.828377977768746,22.17391304347826,17.0,20.13511670940066,13.434782608695652,8.0,16.527734506130546,473.8695652173913,406.0,350.875697278554,56.0,31.0,69.68891916614473,19.347826086956523,15.0,17.458024192206064,14.826086956521738,10.0,13.12752893008721,2.652173913043478,0.0,4.848698941254747,31.565217391304348,10.0,39.505840864998596,69.91304347826087,55.0,55.65389232771861,22.304347826086957,20.0,20.33455362544861,23.608695652173914,22.0,20.198422824195468,48.13913043478261,45.8,20.465752748753772
Brentford,22.238095238095237,26.0,10.839302384862053,17.285714285714285,21.0,12.625937023218741,1547.6666666666667,1913.0,1066.3490204118598,2.6666666666666665,0.0,5.11207720338155,1.7619047619047619,1.0,2.447544931247676,2.2857142857142856,2.0,1.5856499343441837,0.047619047619047616,0.0,0.21821789023599242,2.419047619047619,0.8,3.832834336051983,1.7380952380952381,1.2,2.198971621116605,24.523809523809526,12.0,31.18592478606182,55.904761904761905,51.0,52.115165510535185,55.285714285714285,27.0,73.31039684597464,0.11142857142857145,0.0,0.18738424998611047,0.08190476190476192,0.06,0.09877343001126607,0.11809523809523811,0.06,0.15686360468952149,0.09380952380952381,0.08,0.08169921605965326,0.1319047619047619,0.0,0.41911357706019314,5.871428571428571,0.0,18.906272579679552,5.504761904761905,0.0,21.916899328839296,0.0,0.0,0.0,26.390476190476193,28.6,19.75423764061536,0.31380952380952387,0.17,0.373543520763996,0.06666666666666667,0.0,0.08338664961091395,12.833333333333334,14.7,7.457702952875861,553.8571428571429,471.0,426.45073404958345,76.54285714285713,77.2,7.969226526368253,86.49999999999999,87.1,7.891134265744057,81.97142857142856,79.9,10.019488153450899,55.41904761904762,55.1,13.44327411933637,13.619047619047619,8.0,16.7405979298118,45.76190476190476,41.0,38.29608956787202,13.523809523809524,7.0,17.89306862340568,3.7142857142857144,2.0,5.0412583463145095,55.904761904761905,51.0,52.115165510535185,32.285714285714285,21.0,34.527008062012634,1.8771428571428572,1.72,1.1752027180752385,4.619047619047619,2.0,5.696281159460009,0.26571428571428574,0.2,0.24904962213525697,25.952380952380953,24.0,21.287264245262218,15.571428571428571,16.0,12.484275824297653,24.285714285714285,24.0,19.591178772965286,11.285714285714286,10.0,9.930472582625951,19.952380952380953,17.0,18.334328977293364,8.19047619047619,4.0,12.131030655385583,11.761904761904763,12.0,9.74630577144367,12.238095238095237,8.0,11.911778884384825,889.047619047619,762.0,639.2070459710591,138.52380952380952,47.0,274.65207427718786,348.85714285714283,216.0,401.4415630841288,329.7142857142857,325.0,263.55021207677726,218.66666666666666,158.0,222.9251742924817,40.80952380952381,24.0,44.295167961775526,25.714285714285715,12.0,32.42243491340966,43.18571428571429,45.0,23.27641049892113,39.18095238095238,42.1,20.120104846834646,470.7142857142857,382.0,345.33608888402364,1298.6190476190477,1164.0,1089.2998887446226,24.523809523809526,12.0,31.18592478606182,15.19047619047619,9.0,18.24724375794615,8.666666666666666,1.0,16.67433157081067,21.285714285714285,14.0,23.82255833688493,12.047619047619047,8.0,12.997985191852583,545.6190476190476,475.0,392.17349173426754,55.285714285714285,27.0,73.31039684597464,12.428571428571429,11.0,10.107281674967947,14.19047619047619,10.0,13.555880818371957,2.9523809523809526,1.0,4.477456761111049,27.904761904761905,13.0,42.81810920849351,67.33333333333333,50.0,53.943797913507474,26.0,12.0,29.816103031751148,23.095238095238095,14.0,23.08225457338334,54.03809523809524,55.1,19.428367821061965
Brighton,18.428571428571427,19.5,9.50800275568515,12.964285714285714,9.0,9.720090469237348,1163.107142857143,864.5,848.8878711142407,1.8214285714285714,1.0,2.8810179711804214,1.1785714285714286,1.0,1.540888907202146,2.5714285714285716,2.0,2.5155600426231786,0.10714285714285714,0.0,0.314970394174356,1.8321428571428573,0.6,2.5868690601558355,1.2571428571428576,0.75,1.3966702655558436,24.785714285714285,16.0,29.44216822588428,47.214285714285715,37.0,48.245788258210524,46.92857142857143,26.5,61.071256845576805,0.12107142857142858,0.035,0.1517878462346385,0.07857142857142856,0.035,0.09830844452309406,0.13071428571428573,0.08499999999999999,0.12289497387271216,0.10321428571428572,0.09,0.07707877506900046,0.07785714285714285,0.0,0.32788160852104714,4.953571428571428,0.0,18.25298518746915,2.4785714285714286,0.0,10.008047026818234,0.0,0.0,0.0,27.257142857142856,27.05,22.203960750638007,0.4439285714285714,0.27,0.6539302221565658,0.07357142857142858,0.05,0.08978221739769274,16.13214285714286,16.05,5.820147228087427,489.39285714285717,323.0,464.60196738201415,79.45,80.55,8.189130103487907,89.57857142857142,91.1,6.182254002405964,81.65357142857142,82.1,9.898240851670158,54.11785714285714,52.05,16.088759673470417,11.285714285714286,8.5,9.801198501381965,36.607142857142854,19.5,47.02508336631064,10.5,7.0,10.290232693622087,2.7857142857142856,1.0,3.735288603626359,47.214285714285715,37.0,48.245788258210524,28.571428571428573,22.0,23.20349362492891,2.5435714285714286,2.635,1.3438094394384232,3.25,3.0,2.939198681424733,0.29714285714285715,0.25,0.34210521603152855,21.25,16.0,18.420248520461268,12.821428571428571,9.5,11.132380436361945,21.571428571428573,17.5,17.8479764833514,11.142857142857142,9.0,8.847323452611658,13.607142857142858,11.5,11.917429767996632,3.7857142857142856,2.0,5.216477759143636,9.821428571428571,8.5,9.7336893824854,9.857142857142858,8.5,9.419107002236291,733.3214285714286,583.0,595.8941649488656,80.75,22.5,185.92065711141603,235.46428571428572,117.5,312.16798447166315,319.14285714285717,227.0,310.6623407287886,186.96428571428572,135.5,173.58538984067056,32.67857142857143,15.5,40.92545488009702,25.785714285714285,12.0,31.37155723222236,43.17142857142857,41.7,22.755395894777184,45.49642857142857,47.15,22.282221482156896,428.60714285714283,341.0,373.3442795305709,1293.7857142857142,945.5,1407.4780797488625,24.785714285714285,16.0,29.44216822588428,17.571428571428573,15.0,18.08094673739832,7.642857142857143,2.0,14.032275720807437,17.857142857142858,10.0,18.70574141553234,11.0,7.0,11.84780023339229,483.7142857142857,387.5,410.46611780076785,46.92857142857143,26.5,61.071256845576805,13.821428571428571,9.5,12.147408110766833,13.035714285714286,7.5,14.48238302177573,1.2857142857142858,1.0,1.7608319342086856,21.035714285714285,10.0,25.58860009899829,50.67857142857143,38.0,42.27516000489121,16.464285714285715,11.5,17.493876479663225,14.535714285714286,10.5,14.286699701463188,49.51071428571429,51.9,21.56104751261566
Chelsea,18.576923076923077,17.0,10.61385161728984,13.961538461538462,11.5,11.014466012406663,1253.3461538461538,1046.5,962.005860369164,2.1538461538461537,1.0,3.390484421935104,1.6538461538461537,1.0,2.115510485765697,3.6153846153846154,2.5,3.2505620815720233,0.038461538461538464,0.0,0.19611613513818402,2.4076923076923076,0.7,3.936284855233226,1.8538461538461537,1.05,2.284772333381297,29.307692307692307,11.0,37.25884510370039,54.96153846153846,30.5,60.63628007668728,54.23076923076923,11.5,72.45042867633438,0.1469230769230769,0.05,0.20685781069651166,0.135,0.065,0.18558555978308225,0.15730769230769232,0.08,0.17907669177886198,0.15499999999999997,0.1,0.16982932608945958,0.10192307692307692,0.0,0.36345034577800833,5.673076923076923,0.0,20.052322712190882,1.6384615384615382,0.0,5.932626866613266,0.7692307692307693,0.0,3.922322702763681,26.15384615384615,30.9,22.339905653681367,0.4553846153846154,0.26,0.48337340240630344,0.08346153846153846,0.06,0.11610141455442505,13.353846153846156,13.6,6.523939347923508,618.6153846153846,451.0,559.3313920690007,84.1730769230769,84.75,6.48392212737369,91.18846153846154,92.55,5.822530509878119,88.46153846153848,90.7,7.360928035136706,57.59615384615385,58.75,17.913402374071335,15.961538461538462,6.0,20.506546797022203,51.42307692307692,25.5,56.10716394680671,12.461538461538462,4.0,16.50995037964868,2.6153846153846154,0.0,5.146470037428942,54.96153846153846,30.5,60.63628007668728,37.07692307692308,15.0,44.89447456150752,2.3438461538461537,1.7850000000000001,1.6872298644181873,3.8461538461538463,2.0,4.42440782652149,0.2561538461538462,0.21000000000000002,0.24560255573714085,19.115384615384617,11.0,22.38093281894555,11.961538461538462,8.0,13.869335295480514,18.153846153846153,11.5,21.04603013908762,9.153846153846153,5.5,11.191755207088146,11.846153846153847,9.0,12.802163278734756,3.5,1.5,5.270673581241775,8.346153846153847,5.5,9.465483855323225,9.115384615384615,7.0,10.401257320447073,857.7307692307693,683.0,727.1223037532164,79.65384615384616,19.5,168.38597146025967,256.38461538461536,120.0,314.8897047441312,385.7692307692308,235.5,393.3775090360208,222.57692307692307,91.5,248.06372940467102,38.88461538461539,11.0,49.021894637459226,26.0,12.5,31.63162973986639,42.53461538461538,40.650000000000006,23.145417556098526,35.761538461538464,40.2,24.74149675218663,499.4230769230769,381.5,403.3060548096865,1410.1538461538462,979.0,1118.1385492793884,29.307692307692307,11.0,37.25884510370039,16.76923076923077,9.5,18.5586803244362,10.653846153846153,1.0,19.48526070175569,15.346153846153847,6.0,17.921924690595723,10.307692307692308,5.5,11.241954387985144,613.5,462.0,513.9312210792413,54.23076923076923,11.5,72.45042867633438,14.653846153846153,7.0,15.369950703088954,15.038461538461538,10.0,16.24433629110348,2.076923076923077,1.0,3.6978164034800534,22.692307692307693,3.0,38.444525468023905,52.46153846153846,36.5,48.260319741361656,13.538461538461538,8.0,16.13004840471539,13.384615384615385,8.0,14.229762958185699,44.830769230769235,40.6,27.06100913463161
Crystal Palace,23.38095238095238,29.0,10.2101723319256,17.714285714285715,18.0,12.470536705141672,1585.904761904762,1562.0,1047.0489914403197,1.8571428571428572,0.0,3.3657943235693155,1.5238095238095237,1.0,2.088517359732679,3.4761904761904763,2.0,3.249908423618235,0.19047619047619047,0.0,0.40237390808147827,2.442857142857143,1.0,3.342090876767331,1.880952380952381,1.2,2.105853519981636,21.095238095238095,11.0,21.89498746723725,48.666666666666664,46.0,38.24961873448326,48.19047619047619,10.0,62.81370793673866,0.08571428571428572,0.0,0.1327242038428345,0.06190476190476192,0.03,0.08127847486383143,0.13952380952380952,0.08,0.14030239450829735,0.10095238095238096,0.11,0.074826784102002,0.06571428571428571,0.0,0.30114068852566944,3.185714285714286,0.0,14.598776856787895,1.4,0.0,6.4156059729381765,2.380952380952381,0.0,10.91089451179962,30.123809523809523,33.3,18.015851485897212,0.49666666666666665,0.34,0.46675832433212516,0.06190476190476191,0.0,0.08570992052376712,18.142857142857142,17.7,5.672792207420559,504.3809523809524,511.0,382.23441448808296,74.22857142857143,75.6,6.9595361093353665,84.41904761904762,85.3,6.449621620499847,79.96666666666667,82.0,10.583020992766354,49.83809523809524,46.7,18.49839117843701,15.619047619047619,9.0,15.75904879894783,37.80952380952381,27.0,31.628498300771483,11.428571428571429,4.0,12.010709506816939,2.8095238095238093,1.0,4.069632017996806,48.666666666666664,46.0,38.24961873448326,36.285714285714285,26.0,33.815888066325954,2.1966666666666663,2.06,1.4960325308406008,3.5238095238095237,3.0,3.310876736138747,0.17523809523809525,0.16,0.16794698710066364,32.61904761904762,21.0,29.189854728100634,19.142857142857142,14.0,18.12259836305411,27.952380952380953,23.0,21.553366768271243,14.047619047619047,15.0,9.836036755096996,20.476190476190474,19.0,17.704855400762376,5.904761904761905,3.0,6.766866053829955,14.571428571428571,13.0,12.765466809213946,13.666666666666666,11.0,14.065323790561429,860.8571428571429,827.0,604.1603500490813,107.71428571428571,27.0,212.6010684020997,322.7142857142857,172.0,357.72924717684776,358.14285714285717,367.0,264.31009926113035,188.23809523809524,137.0,178.23998001624236,32.57142857142857,15.0,34.794498744156996,20.333333333333332,12.0,28.555793340990075,39.51428571428571,40.0,24.96930687292472,45.94285714285714,45.6,27.878048199767704,431.5238095238095,413.0,304.6474386971962,1055.0,949.0,767.8334454815055,21.095238095238095,11.0,21.89498746723725,15.0,10.0,13.663820841916802,5.190476190476191,1.0,7.514113704350287,21.0,14.0,20.381364036786152,14.380952380952381,13.0,14.111967228123055,499.6666666666667,510.0,342.6654831367369,48.19047619047619,10.0,62.81370793673866,17.61904761904762,12.0,15.847637648798608,17.238095238095237,18.0,14.96631137556867,3.142857142857143,1.0,4.912084224498948,25.428571428571427,11.0,31.18584843894972,70.85714285714286,60.0,52.539780846788574,21.666666666666668,17.0,21.548395145191982,27.142857142857142,19.0,24.63389070830208,41.180952380952384,43.4,18.605902801197768
Everton,21.09090909090909,23.5,8.996872953627996,16.454545454545453,14.5,10.335916448538505,1476.5,1250.0,874.8239959040469,1.4090909090909092,1.0,1.9678146183760226,0.9090909090909091,1.0,1.1087999050492516,3.227272727272727,3.0,2.2239351262767193,0.09090909090909091,0.0,0.29424494316824984,1.6500000000000001,0.95,1.9466087727855628,1.2681818181818185,0.9500000000000001,1.1132904312961576,19.09090909090909,11.5,19.600556578368337,39.95454545454545,33.5,33.462811302395686,39.22727272727273,23.0,39.18203161822523,0.09409090909090909,0.04,0.12730387683129313,0.060000000000000005,0.03,0.08228869042236955,0.1159090909090909,0.05,0.1262898816181811,0.08454545454545453,0.06,0.0742407456299323,0.055,0.0,0.2579728667902887,3.2181818181818183,0.0,15.094610717977222,1.3772727272727272,0.0,6.459981705574997,4.545454545454546,0.0,21.32007163556104,30.91818181818182,34.05,23.70301641169299,0.3740909090909091,0.26,0.3939018380366586,0.07727272727272728,0.05,0.10365610809107557,16.504545454545454,17.05,6.378272439098169,436.1363636363636,381.5,320.48539012158614,73.99545454545454,73.19999999999999,7.81777445329535,85.3,86.05000000000001,7.781479844568679,79.60454545454546,82.30000000000001,12.267202780962906,56.74090909090909,53.7,15.557287653514642,11.954545454545455,8.5,9.824542993017285,39.04545454545455,33.5,33.262988544723505,10.272727272727273,8.0,9.779384624625603,3.409090909090909,1.0,4.924758547710411,39.95454545454545,33.5,33.462811302395686,28.181818181818183,24.5,19.283934501810823,1.9195454545454547,1.805,1.143834308983135,2.3636363636363638,2.0,2.059714602177749,0.16045454545454546,0.1,0.159118921467031,29.272727272727273,23.0,27.54421867986062,17.0,13.0,16.43747170919166,25.454545454545453,21.0,21.26863837566896,12.181818181818182,7.5,10.581368907913948,15.636363636363637,12.5,14.062938304857694,5.7272727272727275,3.0,9.238541516421808,9.909090909090908,7.5,8.193546187957882,13.227272727272727,9.5,12.52020012840894,754.8636363636364,645.0,489.4364393243807,96.4090909090909,29.5,207.24994321118393,273.5,155.0,342.80922780267554,301.40909090909093,276.0,220.23205490722285,188.22727272727272,168.0,137.64859739073393,28.681818181818183,18.5,25.181978370097028,25.772727272727273,17.0,29.187296353007213,45.94090909090909,47.400000000000006,21.87859704501202,42.18636363636363,43.849999999999994,21.888903373835127,363.8636363636364,301.5,232.35795362913362,967.0909090909091,678.0,767.0617352128221,19.09090909090909,11.5,19.600556578368337,13.954545454545455,11.0,10.719262913213642,4.954545454545454,2.0,6.958908457970038,20.272727272727273,12.5,19.034259384148108,15.318181818181818,10.0,13.439055960454404,432.1363636363636,404.0,262.82681160877195,39.22727272727273,23.0,39.18203161822523,17.272727272727273,15.0,13.431242250747635,14.545454545454545,12.5,12.070141328431564,3.4545454545454546,1.0,6.261958256976903,26.545454545454547,6.5,34.69695646420285,60.18181818181818,53.5,45.521984603607535,24.363636363636363,10.0,28.466430446012414,22.136363636363637,14.5,22.284514064694502,48.722727272727276,50.6,18.24223074856753
Fulham,23.09090909090909,25.0,9.06541880895848,16.454545454545453,16.5,11.018284685131231,1478.5,1574.0,920.9614412072181,2.1363636363636362,0.5,3.196656803382984,1.8181818181818181,1.0,2.4228350893384945,3.1363636363636362,2.0,2.9648007167503336,0.09090909090909091,0.0,0.29424494316824984,1.9636363636363638,0.95,2.5419425370121687,1.5,0.75,1.771466973470078,30.818181818181817,21.0,34.596499084701456,60.63636363636363,49.0,47.08102990189761,59.63636363636363,30.0,69.83623391262995,0.1690909090909091,0.015,0.25313104249642054,0.11181818181818182,0.09,0.138448421327097,0.14636363636363636,0.07500000000000001,0.1557942921671442,0.09636363636363637,0.085,0.07569018647753702,0.06181818181818182,0.0,0.28995297424363026,3.1090909090909093,0.0,14.58292899872375,0.6909090909090909,0.0,3.240650888605278,0.0,0.0,0.0,28.377272727272725,31.1,19.678848490754685,0.5518181818181818,0.27,0.6263548086510922,0.07136363636363635,0.03,0.09014778631016614,15.804545454545455,15.4,5.532972788545764,638.0454545454545,608.0,482.20984142677054,80.23636363636363,81.55,7.892826487178718,88.36818181818182,90.7,6.7403113085966995,84.72727272727273,85.19999999999999,8.98634847279243,58.25,57.45,12.627813217919668,15.090909090909092,9.0,16.20672726549098,52.5,44.5,45.034114053364355,12.590909090909092,6.0,17.772796470232095,3.8181818181818183,1.5,6.455978135004306,60.63636363636363,49.0,47.08102990189761,35.40909090909091,25.5,30.648015691082932,2.4263636363636367,2.23,1.6231320265947486,3.9545454545454546,2.5,4.1228431328193285,0.23636363636363636,0.185,0.21649910270451808,26.363636363636363,23.0,21.79677882393559,16.136363636363637,12.0,13.853985001901094,22.227272727272727,18.0,19.84447102603217,10.863636363636363,8.0,10.855305722901697,14.681818181818182,14.0,10.824955135225904,4.318181818181818,2.0,5.643254410915774,10.363636363636363,9.5,8.062526217280103,12.363636363636363,8.5,13.520867309971385,942.5,911.0,658.7650603681898,104.27272727272727,25.5,225.872526590549,318.8181818181818,151.0,378.4526939505671,390.8636363636364,376.0,306.8372137756041,242.86363636363637,202.0,218.5729246192752,36.22727272727273,28.5,35.616919224786066,25.40909090909091,17.5,25.576512832245303,41.28636363636364,44.4,21.824915762768665,36.29090909090909,38.35,18.67664467395191,558.6363636363636,504.0,400.50260631154157,1490.5,1187.0,1199.651248925128,30.818181818181817,21.0,34.596499084701456,21.5,16.0,22.3814336321106,8.954545454545455,4.0,11.077550325415869,20.045454545454547,14.5,17.572915503904277,11.318181818181818,7.5,11.527963367132086,631.6363636363636,620.0,436.66654439706167,59.63636363636363,30.0,69.83623391262995,16.636363636363637,15.0,12.863923176096765,14.272727272727273,14.0,10.69125952837318,1.6818181818181819,0.5,3.029794329596265,34.40909090909091,14.5,48.72533230936459,63.81818181818182,54.5,43.32340878691045,20.90909090909091,14.0,20.96915896514755,21.09090909090909,17.5,19.86120672234022,45.97727272727272,47.0,20.97106695785051
Ipswich Town,17.166666666666668,18.0,8.642650189545483,12.1,10.0,9.345292010345139,1082.5666666666666,952.5,770.0888297768812,1.0666666666666667,0.0,2.2884015402012388,0.8,0.0,1.0635010497214474,2.7,2.0,2.365703219792781,0.13333333333333333,0.0,0.34574590364176044,1.0333333333333334,0.6,1.7044229144388923,0.7,0.4,0.9580871747825239,14.533333333333333,9.0,17.705898750831956,26.733333333333334,20.0,24.95089430134282,26.366666666666667,14.5,34.74883608403888,0.08600000000000002,0.0,0.13755500467211226,0.07233333333333335,0.0,0.1185453014916539,0.093,0.045,0.11429393443344166,0.059000000000000004,0.035,0.061439625537651976,0.2313333333333333,0.0,0.7150101679206282,6.276666666666667,0.0,19.226735755611035,0.7433333333333333,0.0,3.182244201961807,0.0,0.0,0.0,22.94333333333333,14.3,24.606863120757147,0.301,0.09,0.39003403918650226,0.05566666666666667,0.0,0.06991045175342395,13.273333333333333,15.55,8.206554711319791,331.8333333333333,196.5,300.69460774419747,75.08666666666664,75.2,8.39321291213953,87.01333333333332,87.15,7.469142651872636,81.47333333333334,84.5,11.472032959762844,45.05,49.05,18.14546110245451,7.933333333333334,4.5,10.89110150324672,24.9,16.5,27.464522570035694,4.766666666666667,4.0,5.911317802395634,1.4333333333333333,0.0,2.750339581959281,26.733333333333334,20.0,24.95089430134282,18.466666666666665,12.0,20.488404345963062,1.5703333333333331,1.365,1.264067008626857,1.7333333333333334,1.0,2.0160277319749236,0.13999999999999999,0.1,0.16573764061685378,17.366666666666667,12.0,15.78188252687093,9.8,7.0,8.891685383858183,17.766666666666666,12.0,16.431012169660768,9.4,6.5,9.456251353214572,12.766666666666667,8.0,13.291644596962184,5.433333333333334,2.0,9.088390978314733,7.333333333333333,5.5,7.396799556440672,9.5,6.0,9.416603092044575,552.1,377.0,451.87077417301964,87.63333333333334,25.5,127.85565226493492,225.06666666666666,110.5,241.480338791771,218.13333333333333,142.0,206.6837886863581,115.03333333333333,100.5,119.85579937440724,17.033333333333335,11.5,20.592069670951812,17.9,8.0,25.603542319576498,32.47333333333333,39.75,22.088597984470184,33.279999999999994,42.599999999999994,22.176430482959095,275.6666666666667,211.0,218.3006995002509,744.7666666666667,558.0,596.9637939308949,14.533333333333333,9.0,17.705898750831956,9.666666666666666,6.5,10.557995281672374,4.3,1.5,7.419220146767913,15.866666666666667,11.0,19.735725235590216,10.166666666666666,5.0,13.734134001880468,328.73333333333335,241.5,274.0835429312514,26.366666666666667,14.5,34.74883608403888,12.6,8.5,14.199562887881322,11.566666666666666,8.5,11.162385523476273,1.5,0.5,2.776129779337439,14.533333333333333,6.0,28.58228693503691,42.166666666666664,34.0,34.70276082958534,15.7,7.0,20.837879963645783,15.633333333333333,12.5,16.793848079976588,52.620000000000005,54.25,26.4839756365475
Leicester City,19.153846153846153,21.0,9.353896760996703,13.961538461538462,13.5,9.618651752634648,1254.4615384615386,1287.0,793.2133246873368,1.0384615384615385,0.0,1.799572598830494,0.8076923076923077,0.0,1.132050556087696,2.923076923076923,2.0,2.4645174281887625,0.0,0.0,0.0,1.0807692307692307,0.35,1.942373647014236,0.8576923076923079,0.4,1.0488748550415639,19.96153846153846,13.0,22.102453744742043,36.61538461538461,25.5,33.6274613053997,36.15384615384615,19.5,39.107740725019966,0.059615384615384626,0.0,0.09236799312449175,0.05923076923076923,0.0,0.08970721607197837,0.06576923076923077,0.04,0.08381756746282139,0.06576923076923077,0.025,0.08010858016083305,0.31384615384615383,0.0,0.9403109142111536,6.303846153846154,0.0,18.18224366285373,0.14615384615384613,0.0,0.7452413135250993,0.9615384615384616,0.0,4.9029033784546,25.773076923076925,27.65,20.622387013967273,0.2761538461538462,0.22,0.2733653514705464,0.04846153846153846,0.0,0.07029607714188937,14.815384615384612,16.4,8.963913980296432,467.5769230769231,374.0,353.8865550514089,77.81923076923077,77.55,8.36483205955836,88.66538461538462,88.5,6.950852742372971,84.2153846153846,82.9,9.134536323544499,54.534615384615385,51.099999999999994,18.482011628774444,8.423076923076923,6.0,8.56585349827127,33.11538461538461,21.5,30.767940357556498,7.423076923076923,5.0,8.178865823196157,2.3461538461538463,1.0,3.9389573005282266,36.61538461538461,25.5,33.6274613053997,19.423076923076923,13.5,17.80825219256079,1.341923076923077,1.42,0.9862211485494284,1.8076923076923077,1.0,2.3497954084427137,0.12384615384615384,0.05500000000000001,0.152894131295532,24.53846153846154,21.5,21.46295556391201,14.26923076923077,12.0,12.616045948894422,23.46153846153846,18.0,21.37518331005518,12.23076923076923,9.5,11.738169166638187,16.653846153846153,14.5,13.404304704660538,6.384615384615385,3.5,7.704943468069953,10.26923076923077,8.0,8.36448536280717,11.038461538461538,8.5,11.549825173502045,731.1923076923077,726.5,502.17184462936746,96.46153846153847,31.5,160.33246228240387,267.7692307692308,143.0,271.10312542533444,332.03846153846155,307.0,265.57085393833876,138.65384615384616,97.0,130.23177563335065,21.307692307692307,15.0,23.393621747423772,21.653846153846153,11.0,26.069050320550318,39.934615384615384,40.7,29.49764658148433,44.74230769230769,49.75,27.497435125144644,414.2307692307692,420.5,274.4060214634231,1038.6153846153845,1080.5,722.4724258778642,19.96153846153846,13.0,22.102453744742043,12.5,8.0,12.143310915891103,4.6923076923076925,2.5,6.130378329396846,16.653846153846153,12.0,15.369950703088955,10.923076923076923,7.0,12.243930992693732,463.34615384615387,458.5,313.09997666019615,36.15384615384615,19.5,39.107740725019966,13.346153846153847,12.5,10.240868352604899,12.73076923076923,11.0,10.996572892706864,2.1153846153846154,0.5,4.528372096698089,21.5,9.0,26.83616962235855,50.23076923076923,41.0,36.64129658438161,17.153846153846153,11.0,16.175765348674684,19.0,14.5,16.899704139422088,45.9076923076923,49.95,23.660700295247782
Liverpool,23.714285714285715,27.0,8.5623761722016,17.285714285714285,18.0,11.528845810153145,1549.2380952380952,1560.0,945.4482484389034,3.5714285714285716,1.0,6.209439818304294,2.6666666666666665,2.0,3.928528138289623,2.857142857142857,3.0,2.308369863902106,0.09523809523809523,0.0,0.30079260375911915,3.5238095238095237,1.6,5.410259213929104,2.5380952380952384,1.2,2.95084330157943,34.23809523809524,21.0,35.53435627938793,79.57142857142857,67.0,65.63045895662427,78.80952380952381,54.0,104.57371517146126,0.16523809523809524,0.04,0.23595802693739934,0.14666666666666667,0.14,0.15166849815743985,0.18619047619047618,0.07,0.21143500633708198,0.1376190476190476,0.11,0.12074372703808517,0.09666666666666665,0.0,0.31085902485424693,6.652380952380952,0.0,21.02240754641625,3.7666666666666666,0.0,11.897198549798743,4.761904761904762,0.0,21.82178902359924,27.509523809523806,30.4,17.900555990301104,0.510952380952381,0.35,0.46104126455128464,0.06285714285714288,0.06,0.06812803073206045,13.161904761904761,14.3,6.5957923095316,756.0952380952381,590.0,609.8724378722083,82.77142857142857,83.7,7.6010619558810895,91.25238095238097,91.7,5.947320324954681,86.58095238095238,88.3,9.86719914908071,60.38095238095238,60.0,15.112167913559558,21.047619047619047,11.0,21.40905460424675,66.0,39.0,68.77717644684172,18.38095238095238,8.0,22.301291869477406,3.5714285714285716,1.0,5.775564289066728,79.57142857142857,67.0,65.63045895662427,47.904761904761905,35.0,43.52689371170974,2.6204761904761904,2.71,1.5328257441420932,6.238095238095238,4.0,6.171748228053069,0.35000000000000003,0.34,0.2692953768633988,27.142857142857142,24.0,22.77780874949501,16.666666666666668,15.0,14.11854572303158,27.428571428571427,19.0,26.596186622467943,12.952380952380953,9.0,13.377130448927344,14.80952380952381,9.0,14.316490658045522,3.857142857142857,2.0,4.452928410447605,10.952380952380953,8.0,12.463852496223591,12.619047619047619,7.0,15.622023526023092,1070.5238095238096,758.0,788.2621149749377,95.0,26.0,144.88340139574305,290.5238095238095,155.0,306.73532875226795,484.0952380952381,280.0,452.09334265856035,305.3333333333333,195.0,275.1254865208481,54.142857142857146,40.0,70.26256877903464,27.666666666666668,16.0,34.408332324210846,52.22857142857143,47.1,23.598922493561922,36.22857142857143,40.0,20.915284909776936,616.2380952380952,489.0,441.33636885734956,1677.2857142857142,1318.0,1201.31312083308,34.23809523809524,21.0,35.53435627938793,23.19047619047619,17.0,20.934705748156688,13.380952380952381,5.0,25.281369010550417,22.0,19.0,24.130893062628246,14.095238095238095,10.0,15.38474816792515,747.8095238095239,551.0,549.4712566684102,78.80952380952381,54.0,104.57371517146126,17.761904761904763,15.0,15.946487895159743,14.761904761904763,12.0,12.988089782199545,2.5714285714285716,1.0,4.249369701160733,30.238095238095237,6.0,43.21678465816813,66.71428571428571,58.0,47.20184621086643,17.476190476190474,9.0,25.409878094196056,15.571428571428571,12.0,12.773298041506072,50.652380952380945,45.0,21.99176252708316
Manchester City,19.24,22.0,8.762039336440653,14.92,16.0,8.405950273467004,1341.76,1404.0,744.1720388010647,2.6,1.0,4.406434688800762,1.88,0.0,2.5053276565484737,2.32,2.0,1.7492855684535902,0.04,0.0,0.2,2.4960000000000004,1.2,4.170079935285014,1.9920000000000002,1.5,2.2165889710694375,40.56,34.0,43.47995706836274,68.16,62.0,58.15401963751087,67.48,25.0,75.24411383401805,0.1832,0.06,0.25258199988650554,0.10279999999999999,0.0,0.1409940897106447,0.16399999999999998,0.07,0.22134061233010688,0.11960000000000001,0.07,0.12604496552156827,0.1048,0.0,0.36565147340055937,5.46,0.0,18.897707091955184,2.272,0.0,7.924619864700136,0.0,0.0,0.0,27.695999999999998,30.8,22.41092516311334,0.46880000000000005,0.33,0.5252802426641738,0.12,0.07,0.20473560185435913,14.988,16.3,7.221571851058466,767.72,676.0,566.6331499891854,86.54800000000002,87.7,6.864347504800924,92.152,94.3,6.014712517374932,89.57999999999998,92.1,7.788345994711157,59.548,62.5,12.249425836884493,16.92,9.0,16.484639314626612,59.68,42.0,61.617584070350134,15.32,11.0,15.523423162004786,2.28,1.0,3.062134331910778,68.16,62.0,58.15401963751087,39.04,33.0,33.140458657055426,2.4212,2.13,1.758131868395163,4.56,3.0,4.426059195266146,0.2812,0.28,0.23896164266816267,17.68,15.0,16.074617673006514,10.8,7.0,10.432321569685882,16.12,12.0,14.950808227874058,8.52,6.0,8.211374225223611,12.04,11.0,9.230745726465802,3.2,1.0,4.699290726623896,8.84,9.0,6.731022705849882,7.96,5.0,8.25873275186131,1000.36,878.0,670.0436478319901,76.12,35.0,134.0862036154354,234.16,197.0,233.00101573455282,430.92,331.0,377.44347479677884,343.48,324.0,270.0856530806477,47.12,22.0,50.59917654138915,28.64,21.0,39.31060077553297,44.611999999999995,45.5,28.840889953906302,34.24,35.0,24.89944778504134,643.48,563.0,446.0446651775283,1994.16,1674.0,1516.486500654281,40.56,34.0,43.47995706836274,30.36,23.0,26.888473366853685,14.04,3.0,22.040644273704885,16.72,10.0,14.825428605383836,14.24,11.0,13.917255476565773,757.48,630.0,520.4894427363537,67.48,25.0,75.24411383401805,10.36,10.0,7.973288740120562,13.44,12.0,11.165721353022086,1.68,0.0,2.4617067250182343,22.96,8.0,31.07716203259236,51.72,46.0,34.71253375943623,10.96,5.0,13.408579343092242,11.72,8.0,10.97922280188053,45.132,46.4,20.98643847821731
Manchester Utd,18.807692307692307,20.0,10.575515990321156,13.884615384615385,14.5,10.362729073277649,1238.3846153846155,1311.5,895.7546573442116,1.3846153846153846,0.0,2.192294196989502,0.9230769230769231,0.0,2.0961503175693657,2.8076923076923075,2.0,2.4003204914216063,0.11538461538461539,0.0,0.4314554973040048,1.696153846153846,0.9,2.2532608848920748,1.2384615384615383,0.5,1.5945098113406322,22.384615384615383,10.0,31.384170434251622,46.23076923076923,42.5,55.31459676599492,45.96153846153846,17.0,64.32012485636561,0.07461538461538461,0.0,0.11409577623140199,0.04307692307692308,0.0,0.08803495809139598,0.1257692307692308,0.07,0.15001794764422227,0.08115384615384615,0.06,0.07606980599827626,0.05038461538461539,0.0,0.25691213703102106,2.673076923076923,0.0,13.630071392103789,1.080769230769231,0.0,5.5108633973829715,0.9615384615384616,0.0,4.9029033784545994,23.103846153846156,23.6,17.890656349485464,0.3873076923076923,0.21000000000000002,0.4634182360875126,0.04576923076923077,0.0,0.06567636268388054,13.684615384615382,15.850000000000001,8.131208633785867,551.8076923076923,561.0,460.2912138401748,82.64615384615385,82.1,5.946644820012762,89.62307692307692,90.15,4.615392307685897,84.7346153846154,85.9,9.200953963918842,58.70769230769231,55.3,17.503049404647708,12.76923076923077,6.5,16.560936428373108,37.03846153846154,24.0,40.18803878691347,10.423076923076923,5.5,13.700140369859215,2.3076923076923075,1.0,2.796701353655492,46.23076923076923,42.5,55.31459676599492,29.846153846153847,20.5,34.762844886680156,2.2169230769230768,1.94,1.3847361314872064,2.269230769230769,1.0,3.8735791439720684,0.12538461538461537,0.045,0.206324613543431,27.46153846153846,20.0,27.577136572502624,16.46153846153846,9.5,16.750476457058216,24.076923076923077,16.0,24.302959617171034,10.884615384615385,5.5,12.100667495892688,12.538461538461538,9.0,10.819355874471526,3.6538461538461537,2.0,5.011525178564368,8.884615384615385,8.0,8.247796908638927,12.653846153846153,7.0,12.862168736857118,812.4615384615385,767.5,650.8429138137238,83.11538461538461,22.5,189.86570557593112,284.65384615384613,149.5,321.69400893491223,344.88461538461536,316.0,303.3928577831821,190.53846153846155,130.5,215.94429481127412,31.0,19.0,36.41647978594307,21.0,5.5,25.12050954897213,44.838461538461544,44.900000000000006,29.054887050863947,42.57692307692308,48.0,26.692400531871353,495.4230769230769,474.0,395.3448290368218,1236.6538461538462,751.5,1093.2811145284709,22.384615384615383,10.0,31.384170434251622,15.538461538461538,10.0,17.940414196401974,7.653846153846154,1.0,15.569052142483969,16.615384615384617,9.0,17.42659329433478,12.26923076923077,5.5,13.829122003388912,546.1923076923077,537.0,431.14341179990396,45.96153846153846,17.0,64.32012485636561,13.576923076923077,10.0,11.27181645316522,12.23076923076923,7.0,11.100658331135834,2.3076923076923075,1.0,3.0954060253121014,20.576923076923077,6.0,35.55634748049701,57.07692307692308,43.5,50.862106190698064,15.807692307692308,10.0,16.08979609757496,16.307692307692307,13.0,17.9215383955044,47.98846153846154,46.75,24.973190856165367
Newcastle Utd,22.363636363636363,27.5,9.673456340716982,16.5,17.5,11.705716958982459,1477.090909090909,1677.5,974.9248522488632,2.727272727272727,0.0,4.958703922270879,2.090909090909091,1.0,2.8769873612958876,2.6363636363636362,2.0,2.9365586361209655,0.045454545454545456,0.0,0.2132007163556105,2.527272727272728,0.55,4.055587775870744,1.8409090909090908,0.75,2.230664878655196,29.09090909090909,17.5,31.625651268895922,59.77272727272727,57.5,57.111363074328665,59.04545454545455,30.5,66.31345282801993,0.13363636363636366,0.0,0.21964355224611087,0.10681818181818183,0.06,0.13321612813971434,0.14499999999999996,0.11499999999999999,0.16401945296939918,0.09727272727272726,0.075,0.09492763249578813,0.11772727272727272,0.0,0.3821733814729821,6.418181818181818,0.0,20.77371591043049,3.459090909090909,0.0,11.787752283455225,2.272727272727273,0.0,10.660035817780521,20.831818181818182,21.25,18.337974815838315,0.35727272727272735,0.205,0.4253870150276246,0.06772727272727273,0.0,0.09734239120517396,14.254545454545456,14.6,5.81326293694221,598.8181818181819,456.0,487.7966629811898,80.25454545454546,81.7,5.8413735560778015,88.65454545454548,88.0,5.3723921489963296,86.74545454545455,86.6,8.308614420772791,51.027272727272724,51.2,16.74509684648818,15.181818181818182,10.0,15.82835419545559,43.36363636363637,28.0,44.76982982252291,14.227272727272727,9.0,16.786989911923765,2.727272727272727,0.5,4.452733972161354,59.77272727272727,57.5,57.111363074328665,35.5,32.0,33.09977700975096,2.0581818181818186,2.115,1.40339600481131,4.7272727272727275,3.0,5.2570299253821675,0.22954545454545458,0.24,0.21455329613668692,24.318181818181817,23.0,20.961157646230557,15.090909090909092,14.5,13.233827833782602,23.954545454545453,27.0,21.60792904011389,11.5,9.0,10.671501880286222,17.09090909090909,17.5,13.426729172700858,5.7272727272727275,3.5,7.031776976404147,11.363636363636363,10.5,9.771413381927893,11.0,6.0,11.567606658662102,900.5909090909091,814.5,681.5678465400414,92.63636363636364,28.0,141.86531018457694,301.90909090909093,139.5,328.58048359440676,379.09090909090907,274.0,331.3567936157711,228.63636363636363,156.0,210.4438722714999,40.59090909090909,29.0,43.87390925618452,26.5,9.5,29.94558557180165,38.190909090909095,41.2,22.635579012462596,40.12727272727272,41.65,20.776456039015066,515.1818181818181,464.5,400.1859849005491,1400.4545454545455,1565.5,1061.5292530017039,29.09090909090909,17.5,31.625651268895922,18.0,16.0,16.60751407675224,10.363636363636363,3.5,15.42275824427887,18.5,16.0,16.936154620613657,18.045454545454547,7.0,20.362143382190467,594.0,560.5,468.30006660361727,59.04545454545455,30.5,66.31345282801993,15.590909090909092,9.5,16.36680464758758,18.0,11.0,23.593784492248517,2.9545454545454546,2.0,4.336745243539135,25.818181818181817,11.0,36.969274711945225,66.18181818181819,48.0,55.8336273171817,18.40909090909091,8.0,27.01262331173739,17.863636363636363,10.0,19.039546449543618,48.42272727272728,50.0,23.874890811381974
Nott'ham Forest,23.136363636363637,28.5,10.222735886460582,16.5,18.0,12.431718266097372,1482.6818181818182,1699.5,1036.3232804286708,2.3636363636363638,1.0,4.169566090767885,1.7272727272727273,1.0,2.4723580065504493,3.227272727272727,2.0,2.776291088447357,0.09090909090909091,0.0,0.29424494316824984,1.8454545454545455,1.2999999999999998,2.4839920390807313,1.3454545454545455,1.1,1.3803820288074407,24.681818181818183,12.5,32.424838162589644,42.54545454545455,34.0,40.25599898829309,42.22727272727273,17.0,54.23663479708669,0.1222727272727273,0.05500000000000001,0.16925415710395328,0.09681818181818182,0.06,0.11651226641477809,0.11363636363636366,0.07,0.13605130175767047,0.08818181818181818,0.065,0.08633469553823454,0.053636363636363635,0.0,0.2515768452996202,3.3954545454545455,0.0,15.926093511764098,1.7909090909090908,0.0,8.400108224411051,0.0,0.0,0.0,35.53181818181818,33.95,27.531304889484424,0.43681818181818177,0.28500000000000003,0.4309832210150841,0.07409090909090911,0.055,0.08589357151560079,17.44090909090909,18.6,8.26199901389656,412.77272727272725,367.0,318.25909358469346,73.65454545454544,76.5,8.494408652459471,86.23181818181818,88.44999999999999,7.789943844998185,77.44090909090909,81.4,11.906607173006691,45.00909090909091,44.95,15.177894611851963,13.318181818181818,9.5,14.370559732069832,36.31818181818182,25.5,34.834829811057894,9.136363636363637,6.5,9.982343720148398,2.272727272727273,0.5,3.1650143786902483,42.54545454545455,34.0,40.25599898829309,31.5,23.5,30.68852740497195,1.9263636363636365,1.7149999999999999,1.336097891532494,3.772727272727273,2.0,4.859275060392663,0.21818181818181825,0.16499999999999998,0.22863229709016897,27.772727272727273,20.5,24.89010478116386,16.863636363636363,13.0,15.532747141643483,26.227272727272727,18.0,25.494970219506172,12.727272727272727,7.0,13.155414667160253,17.363636363636363,11.0,17.59747128626712,6.409090909090909,3.0,9.776838961882317,10.954545454545455,7.5,10.260777250459626,12.681818181818182,11.0,10.620673297804679,734.9545454545455,768.5,528.1729043439439,99.22727272727273,32.0,168.15297225420096,254.54545454545453,145.0,273.1379779129131,292.5,230.5,246.09459079599375,197.3181818181818,123.5,193.82647771448427,30.318181818181817,21.0,29.69750087871972,24.09090909090909,11.0,26.958361351410936,40.63636363636364,38.3,29.78225015411737,32.00909090909091,37.5,25.38291343349487,335.0,347.0,254.36662704132584,1032.4545454545455,800.0,956.1134485022823,24.681818181818183,12.5,32.424838162589644,15.727272727272727,9.5,17.271451308533116,7.363636363636363,2.0,11.826304235113854,22.363636363636363,17.5,22.440493701693764,12.545454545454545,9.0,12.350929298860654,409.59090909090907,423.5,309.6996485215511,42.22727272727273,17.0,54.23663479708669,15.818181818181818,12.0,13.029769444425783,16.454545454545453,10.0,16.064534355818225,3.5454545454545454,1.0,5.771252836894195,22.545454545454547,6.0,34.74495821284178,61.86363636363637,46.0,50.62965012580545,22.454545454545453,13.0,24.774655391822307,21.90909090909091,18.5,24.863262420322442,50.32272727272727,43.849999999999994,20.712382581629576
Southampton,17.517241379310345,20.0,9.98792374268322,12.482758620689655,12.0,9.19868270714878,1117.2068965517242,1045.0,800.3252633108591,0.7931034482758621,0.0,1.0816426114554918,0.4827586206896552,0.0,0.8289705171033531,2.7241379310344827,2.0,2.8895940362932095,0.10344827586206896,0.0,0.40925259281898757,1.0241379310344827,0.4,1.3694772653445424,0.7724137931034484,0.5,0.8688648389562005,19.82758620689655,10.0,26.015200179781218,34.93103448275862,23.0,37.726393787073526,33.89655172413793,19.0,36.66678608728127,0.05172413793103449,0.0,0.08062563246782899,0.042413793103448276,0.0,0.09803990340722762,0.07689655172413792,0.04,0.08932698553532177,0.05413793103448277,0.04,0.05760191225616128,0.25,0.0,0.7502094945508793,7.0,0.0,20.984160693246704,0.27586206896551724,0.0,1.4855627054164153,0.9862068965517242,0.0,5.310886671863684,21.693103448275863,25.0,22.187189531582067,0.21448275862068963,0.1,0.28439894272076616,0.05310344827586207,0.0,0.08631766282897237,14.989655172413794,17.3,8.237993203426697,476.6896551724138,242.0,455.1580654366346,81.10000000000001,80.2,7.907500959757857,89.96896551724137,90.8,6.597786611988895,85.56896551724138,89.5,10.913003496755467,51.60344827586208,54.3,19.42800781564412,8.413793103448276,5.0,8.65413708407434,30.896551724137932,13.0,37.85531178767217,6.689655172413793,5.0,7.521889239678429,1.793103448275862,1.0,2.554817722668119,34.93103448275862,23.0,37.726393787073526,19.17241379310345,15.0,18.943655111026416,1.4341379310344826,1.46,0.8362608839410416,1.3103448275862069,1.0,1.8536344275862497,0.10655172413793103,0.06,0.14152929686789653,19.689655172413794,13.0,18.520458665015873,11.379310344827585,7.0,10.83781011453964,17.482758620689655,12.0,13.595221559837992,9.068965517241379,10.0,6.808246231502535,12.586206896551724,7.0,14.034440396445428,5.517241379310345,2.0,8.74896193701684,7.068965517241379,5.0,7.5447760284979335,9.241379310344827,5.0,11.867287487681038,690.8620689655172,457.0,599.7934599354021,88.37931034482759,40.0,159.4251758647529,251.41379310344828,161.0,302.1255081255115,298.2068965517241,186.0,291.77136098938166,147.3448275862069,122.0,143.7252527423837,20.862068965517242,15.0,19.931533053235437,21.724137931034484,5.0,30.539080994363523,43.172413793103445,42.9,30.231238533199917,38.01379310344827,41.7,29.60080505828384,386.86206896551727,253.0,341.6091881645218,1051.448275862069,599.0,1067.0744245769397,19.82758620689655,10.0,26.015200179781218,14.758620689655173,9.0,18.064675815393723,4.931034482758621,1.0,7.284675865339116,13.931034482758621,9.0,14.389805504698604,10.620689655172415,5.0,13.159498994760533,471.62068965517244,336.0,412.8048149803197,33.89655172413793,19.0,36.66678608728127,14.0,12.0,12.764347669527472,12.862068965517242,8.0,14.57670386495186,1.4482758620689655,0.0,2.599260978714523,16.82758620689655,5.0,25.586085735243508,43.89655172413793,23.0,41.676770531921534,13.655172413793103,6.0,20.142839674380152,11.689655172413794,7.0,12.775823843371015,54.51379310344828,54.5,22.945661341182486
Tottenham,18.333333333333332,20.0,9.144144826903423,13.407407407407407,14.0,8.010854459655922,1204.4444444444443,1252.0,686.1825465424541,2.1481481481481484,0.0,3.207007995764944,1.6296296296296295,1.0,2.322931638256149,2.3333333333333335,2.0,2.3533936216582085,0.037037037037037035,0.0,0.19245008972987523,2.0592592592592593,0.7,2.8952559683915897,1.5407407407407405,0.9,2.0130839829741634,28.48148148148148,15.0,28.582364614418573,55.55555555555556,48.0,46.50172315527949,55.18518518518518,30.0,68.93309857950736,0.14074074074074072,0.0,0.22324401836979132,0.11703703703703702,0.05,0.15617580859686045,0.14962962962962964,0.08,0.1908378587154245,0.11037037037037037,0.09,0.11209479098174975,0.19185185185185183,0.0,0.5654272519148482,7.18148148148148,0.0,20.79585826066625,2.159259259259259,0.0,6.398933760897458,0.0,0.0,0.0,29.659259259259258,33.3,21.31114297298047,0.4248148148148148,0.3,0.4321446550045515,0.06592592592592593,0.0,0.0848192312762972,14.385185185185186,15.8,6.997620678251655,560.925925925926,681.0,367.00041143614806,81.26666666666667,84.8,8.382903847896438,89.77777777777777,91.2,6.64578138794907,84.88148148148147,90.3,11.080163739314887,55.87407407407408,55.6,15.304338062548263,13.222222222222221,7.0,17.495787038672027,44.18518518518518,37.0,39.20266576202443,13.11111111111111,8.0,16.597806466132187,3.0,1.0,5.08391127441794,55.55555555555556,48.0,46.50172315527949,30.555555555555557,15.0,36.27918807221968,2.0237037037037036,1.68,1.5463732959316034,3.7037037037037037,2.0,4.504824890431069,0.2577777777777777,0.23,0.2626687491782602,21.88888888888889,13.0,20.239590550231636,13.962962962962964,9.0,13.715464268990683,19.814814814814813,14.0,17.639634212667087,9.777777777777779,8.0,8.459556877526301,13.851851851851851,15.0,11.498172776923177,4.666666666666667,4.0,4.835764198615911,9.185185185185185,9.0,8.593544254206343,10.148148148148149,10.0,10.505323572447606,811.2962962962963,862.0,510.7239066579014,80.85185185185185,45.0,108.60893280435216,259.1111111111111,207.0,217.95824111924483,344.0,393.0,255.58183997122512,216.1851851851852,148.0,226.0639863532578,34.96296296296296,24.0,41.93629003205245,26.962962962962962,19.0,28.465203429236304,41.84444444444444,41.9,25.937311012595398,42.044444444444444,48.0,25.441476331941075,510.0,564.0,308.7452273066183,1414.7777777777778,1492.0,855.0091917334679,28.48148148148148,15.0,28.582364614418573,19.185185185185187,18.0,16.78606802595771,8.444444444444445,4.0,11.754977123733044,17.40740740740741,14.0,17.475827831738282,13.962962962962964,10.0,15.926469214876903,556.5925925925926,618.0,338.4761392862086,55.18518518518518,30.0,68.93309857950736,14.185185185185185,10.0,12.579094491799411,15.74074074074074,10.0,15.050153570881676,1.9259259259259258,1.0,2.8813181535530403,26.0,12.0,42.39738743765306,54.7037037037037,56.0,40.287252054001875,13.407407407407407,9.0,13.316442292430638,13.88888888888889,11.0,13.22390996913526,50.2,50.0,23.11260062589902
West Ham,20.4,20.0,7.984359711335656,14.52,14.0,10.120606042459444,1302.32,1070.0,849.2039272165432,1.36,0.0,2.3252240035460385,0.84,1.0,1.1430952132988166,2.84,2.0,2.5442746183015177,0.12,0.0,0.33166247903553997,1.6920000000000002,1.0,2.1025619293297084,1.18,1.1,1.2315302134607444,21.76,11.0,28.297938676400676,42.24,31.0,38.045236232674384,41.92,21.0,53.65547502352393,0.0868,0.0,0.13477512134416106,0.07519999999999999,0.03,0.13847743498491008,0.1408,0.07,0.16291408778862557,0.1044,0.08,0.1015332457867865,0.1336,0.0,0.4624110725317896,5.495999999999999,0.0,19.098265191721822,1.4280000000000002,0.0,4.953577831561075,0.0,0.0,0.0,22.496000000000002,25.5,15.169912106974559,0.3924,0.24,0.4162559308886782,0.044000000000000004,0.0,0.06370504951205465,16.296,15.6,7.253072911991626,501.36,487.0,378.79434613872826,78.524,79.7,7.7540999907575765,88.58,89.7,7.12045176469396,83.26800000000001,85.7,10.519138114249982,52.644000000000005,54.8,19.060300802103484,11.56,9.0,11.438531374263045,37.16,37.0,31.580162549718878,9.4,4.0,11.503622617824933,2.52,1.0,3.417113791881486,42.24,31.0,38.045236232674384,28.6,18.0,28.483913588784347,2.2192000000000003,2.37,1.4824976672269448,2.04,1.0,2.6689573494781316,0.1324,0.1,0.16452659359507812,22.16,17.0,19.507861663100513,13.24,11.0,11.741237867732119,18.44,21.0,14.177681992013598,8.8,7.0,7.182153808805081,15.96,14.0,12.898578733074947,6.08,4.0,8.041144197189851,9.88,9.0,7.628455501170163,11.68,8.0,14.132468527000746,781.0,617.0,554.2746010177025,101.96,33.0,166.02346219736535,287.76,196.0,293.4575892129332,332.88,366.0,267.76362710420545,167.84,106.0,172.13310741012802,29.2,22.0,36.74801581945162,27.04,11.0,41.78963188798549,50.187999999999995,50.0,24.544166312995845,35.188,40.0,23.675608404713348,394.6,285.0,291.69904582177384,1025.76,714.0,879.0222920950298,21.76,11.0,28.297938676400676,13.88,10.0,15.690549172458345,6.12,2.0,12.275721295847887,17.12,11.0,18.45562244954095,13.88,6.0,21.09960505159595,497.68,421.0,361.6291516641507,41.92,21.0,53.65547502352393,15.2,14.0,13.272779161376365,14.32,11.0,16.35471389742623,2.56,1.0,3.97994974842648,21.08,11.0,25.630255558616657,54.12,39.0,45.588119797450155,20.4,9.0,25.601106746909725,19.56,12.0,18.21647605877712,51.088,50.0,16.531215926240876
Wolves,21.347826086956523,24.0,8.45097463799388,15.695652173913043,15.0,10.150838669376023,1409.1304347826087,1364.0,817.2571256869933,2.0434782608695654,1.0,3.6739656660637188,1.565217391304348,1.0,1.9731397903876622,3.1739130434782608,2.0,2.7077695268018434,0.08695652173913043,0.0,0.28810406552003043,1.6695652173913043,0.8,2.30640112860012,1.3217391304347827,0.9,1.6838690625351027,22.217391304347824,12.0,25.75224001155333,43.65217391304348,30.0,38.71763598114404,43.0,28.0,45.439270160592066,0.11782608695652173,0.07,0.16247955176908568,0.10086956521739132,0.04,0.13187159882656727,0.11217391304347826,0.07,0.12250998184708832,0.0791304347826087,0.07,0.07757184608057117,0.18217391304347827,0.0,0.6119711558988494,5.3478260869565215,0.0,17.718400029481867,1.0434782608695652,0.0,5.004345937369793,0.8695652173913043,0.0,4.170288281141494,28.891304347826093,27.8,18.727444931861083,0.3573913043478261,0.24,0.4095587136430485,0.08739130434782609,0.06,0.10963648162343956,16.06086956521739,17.4,6.857294664703938,524.0434782608696,482.0,377.71255042821673,77.48695652173913,80.4,8.996883518390035,88.1304347826087,90.4,7.0549424830210485,84.38695652173911,86.1,9.8466101387887,51.165217391304346,56.7,18.963376394217743,11.521739130434783,10.0,11.731347148936212,37.47826086956522,23.0,31.787461171773938,10.173913043478262,4.0,11.718874340578818,2.4782608695652173,1.0,2.998023064035719,43.65217391304348,30.0,38.71763598114404,27.608695652173914,18.0,25.67584491029862,1.768695652173913,1.71,1.04001881253888,3.652173913043478,3.0,3.675579059539449,0.2504347826086956,0.19,0.23503342626624535,29.91304347826087,19.0,25.912287438900595,17.52173913043478,12.0,16.141053151450333,25.0,17.0,21.807004712831485,11.391304347826088,7.0,12.459896141529732,17.0,14.0,12.079283542871693,5.6521739130434785,4.0,5.796618886371088,11.347826086956522,9.0,9.952654719640355,11.695652173913043,9.0,9.368393587962256,819.1739130434783,718.0,527.8644499020139,97.0,55.0,138.33654614742989,287.60869565217394,304.0,232.61570710869006,369.5217391304348,317.0,292.22685297015056,172.2608695652174,123.0,175.31043048139816,26.52173913043478,20.0,29.438486814523156,26.565217391304348,13.0,32.41187505018454,40.08695652173913,44.7,25.362020717239,38.71739130434783,40.0,25.196385963321173,449.4347826086956,390.0,283.02438476488476,1248.0434782608695,938.0,850.7779583342248,22.217391304347824,12.0,25.75224001155333,17.043478260869566,13.0,20.33912097159642,5.391304347826087,3.0,7.9814508275283504,21.869565217391305,15.0,21.977890435257653,13.521739130434783,10.0,14.311056009626682,519.9565217391304,467.0,338.8892924970778,43.0,28.0,45.439270160592066,19.0,14.0,17.0,15.869565217391305,8.0,15.557238443380294,2.4782608695652173,1.0,3.301095757711525,20.391304347826086,10.0,28.725565316748746,62.130434782608695,43.0,47.677233320266176,16.82608695652174,10.0,16.425180707219695,18.391304347826086,15.0,19.220583498934825,46.5,40.9,24.037073638255325
